Noun,Cat
Noun,Dog
Noun,House
Noun,Car
Noun,Tree
Noun,Book
Noun,Friend
Noun,Phone
Noun,Beach
Noun,Sun
Noun,Chair
Noun,River
Noun,Mountain
Noun,Flower
Noun,Computer
Noun,Job
Noun,Music
Noun,Food
Noun,Movie
Noun,School
Noun,Sky
Noun,Ocean
Noun,Money
Noun,Family
Noun,Shirt
Noun,City
Noun,Bike
Noun,Child
Noun,Doctor
Noun,Teacher
Noun,Hat
Noun,Restaurant
Noun,Coffee
Noun,Paper
Noun,Camera
Noun,Time
Noun,Game
Noun,Gift
Noun,Door
Noun,Window
Noun,Key
Noun,Cloud
Noun,Letter
Noun,Ball
Noun,Bed
Noun,Beach
Noun,Plane
Noun,Baby
Noun,Song
Noun,Watch
Noun,Dragon
Noun,Spaceship
Noun,Wizard
Noun,Robot
Noun,Castle
Noun,Pirate
Noun,Unicorn
Noun,Dinosaur
Noun,Superhero
Noun,Galaxy
Noun,Treasure
Noun,Vampire
Noun,Zombie
Noun,Alien
Noun,Time Machine
Noun,Volcano
Noun,Ghost
Noun,Rainbow
Noun,Crystal
Noun,Jungle
Noun,Knight
Noun,Mermaid
Noun,Ninja
Noun,Sphinx
Noun,Gargoyle
Noun,Meteor
Noun,Phoenix
Noun,Sorcerer
Noun,Enchanted Forest
Noun,Magic Wand
Noun,Sphinx
Noun,Warlock
Noun,Kraken
Noun,Cyberpunk City
Noun,Time Vortex
Noun,Parallel Universe
Noun,Magic Carpet
Noun,Supernova
Noun,Black Hole
Noun,Dreamcatcher
Noun,Leviathan
Noun,Fireball
Noun,Iceberg
Noun,Thunderstorm
Noun,Fortress
Noun,Totem
Noun,Portal
Noun,Chimera
Noun,Wyvern
Noun,Nebula
Noun,Oasis
Noun,Glitch
Noun,Mech Suit
Noun,Underworld
Noun,Stealth Drone
Noun,Griffin
Noun,Labyrinth
Noun,Polar Aurora
Noun,Quantum Computer
Noun,Hyperdrive
Adjective,Happy
Adjective,Sad
Adjective,Beautiful
Adjective,Funny
Adjective,Tall
Adjective,Short
Adjective,Bright
Adjective,Dark
Adjective,Cold
Adjective,Hot
Adjective,Fast
Adjective,Slow
Adjective,Strong
Adjective,Weak
Adjective,Loud
Adjective,Quiet
Adjective,Old
Adjective,Young
Adjective,Big
Adjective,Small
Adjective,Rich
Adjective,Poor
Adjective,Healthy
Adjective,Sick
Adjective,Smart
Adjective,Dumb
Adjective,Brave
Adjective,Scared
Adjective,Clean
Adjective,Dirty
Adjective,Busy
Adjective,Lazy
Adjective,Friendly
Adjective,Shy
Adjective,Kind
Adjective,Mean
Adjective,Handsome
Adjective,Ugly
Adjective,Hard
Adjective,Soft
Adjective,Wise
Adjective,Foolish
Adjective,Tasty
Adjective,Bland
Adjective,Smooth
Adjective,Rough
Adjective,Expensive
Adjective,Cheap
Adjective,Modern
Adjective,Ancient
Adjective,Mystical
Adjective,Galactic
Adjective,Invisible
Adjective,Enchanted
Adjective,Fiery
Adjective,Icy
Adjective,Telepathic
Adjective,Shapeshifting
Adjective,Time-Traveling
Adjective,Electric
Adjective,Ancient
Adjective,Futuristic
Adjective,Undead
Adjective,Telekinetic
Adjective,Gravity-Defying
Adjective,Cyborg
Adjective,Psychic
Adjective,Ethereal
Adjective,Venomous
Adjective,Interstellar
Adjective,Shadowy
Adjective,Illuminated
Adjective,Dimensional
Adjective,Elemental
Adjective,Sonic
Adjective,Holographic
Adjective,Quantum
Adjective,Invincible
Adjective,Polymorphic
Adjective,Cosmic
Adjective,Arcane
Adjective,Celestial
Adjective,Prismatic
Adjective,Abyssal
Adjective,Apocalyptic
Adjective,Ethereal
Adjective,Phantom
Adjective,Radiant
Adjective,Spectral
Adjective,Gravity-Defying
Adjective,Shimmering
Adjective,Cataclysmic
Adjective,Anti-Gravity
Adjective,Neon
Adjective,Kaleidoscopic
Adjective,Steampunk
Adjective,Hypersonic
Adjective,Transdimensional
Adjective,Bioluminescent
Adjective,Holographic
Adjective,Runed
Adjective,Magnetic
Adjective,Nano-Tech
Adjective,Supersonic
Adjective,Cryptic
Adjective,Astral
Adjective,Empyrean
Adjective,Phantom
Adjective,Eldritch
Adjective,Chrono